#KernelName,ExportName
Thread_userYield,yield
Thread_start,thread_start
Thread_startJoinable,thread_start_join
Thread_tryJoin,thread_try_join
Thread_join,thread_join
Thread_joinWait,thread_wait_join
Kernel_fractionalSeconds,time_fractional
Kernel_seconds,time_seconds
Kernel_fractionalElapsed,time_fractional_elapsed
Kernel_secondsElapsed,time_seconds_elapsed
Kernel_msleep,msleep
Kernel_setLED,set_led
Kernel_installNetworkResetHandler,handler_network_reset
Kernel_installTCPClosedHandler,handler_tcp_closed
Kernel_installEXTIHandler,handler_exti10_15
Kernel_installGETHandler,handler_http_get
Kernel_installPOSTHandler,handler_http_post

semaphore_init
semaphore_V
semaphore_P
mutex_init
mutex_lock
mutex_unlock
cv_init
cv_wait
cv_wake

nvmem_read
User_nvmem_write,nvmem_write
User_nvmem_create,nvmem_create
ioctl_network_status
ioctl_mdns_start
ioctl_mdns_stop
socket
closesocket
accept
bind
connect
listen
gethostbyname
select
getsockopt
setsockopt
recv
recvfrom
send
sendto
